,0
0,839804
1,Tottenham Hotspur
2,Tottenham
3,8586
4,839796
5,Aston Villa
6,Aston Villa
7,10252
8,839797
9,Blackburn Rovers
10,Blackburn
11,8655
12,839799
13,Bolton Wanderers
14,Bolton
15,8559
16,839803
17,Sunderland
18,Sunderland
19,8472
20,840184
21,Wigan Athletic
22,Wigan
23,8528
24,839805
25,Wolverhampton Wanderers
26,Wolves
27,8602
28,839800
29,Chelsea
30,Chelsea
31,8455
32,839801
33,Liverpool
34,Liverpool
35,8650
36,839802
37,Manchester United
38,Man United
39,10260
40,839824
41,Arsenal
42,Arsenal
43,9825
44,839830
45,Birmingham City
46,Birmingham
47,8658
48,839826
49,Everton
50,Everton
51,8668
52,839832
53,Stoke City
54,Stoke
55,10194
56,839831
57,West Bromwich Albion
58,West Brom
59,8659
60,839825
61,West Ham United
62,West Ham
63,8654
64,839833
65,Wigan Athletic
66,Wigan
67,8528
68,839827
69,Newcastle United
70,Newcastle
71,10261
72,839829
73,Fulham
74,Fulham
75,9879
76,839828
77,Manchester City
78,Man City
79,8456
80,839840
81,Blackburn Rovers
82,Blackburn
83,8655
84,839842
85,Blackpool
86,Blackpool
87,8483
88,839843
89,Chelsea
90,Chelsea
91,8455
92,839837
93,Tottenham Hotspur
94,Tottenham
95,8586
96,839839
97,Wolverhampton Wanderers
98,Wolves
99,8602
100,839834
101,Manchester United
102,Man United
103,10260
104,839841
105,Bolton Wanderers
106,Bolton
107,8559
108,839835
109,Liverpool
110,Liverpool
111,8650
112,839836
113,Sunderland
114,Sunderland
115,8472
116,839838
117,Aston Villa
118,Aston Villa
119,10252
120,839846
121,Everton
122,Everton
123,8668
124,839844
125,Arsenal
126,Arsenal
127,9825
128,839849
129,Fulham
130,Fulham
131,9879
132,839848
133,Manchester City
134,Man City
135,8456
136,839847
137,Newcastle United
138,Newcastle
139,10261
140,839851
141,West Bromwich Albion
142,West Brom
143,8659
144,839845
145,West Ham United
146,West Ham
147,8654
148,839853
149,Wigan Athletic
150,Wigan
151,8528
152,839850
153,Birmingham City
154,Birmingham
155,8658
156,839852
157,Stoke City
158,Stoke
159,10194
160,839861
161,Stoke City
162,Stoke
163,10194
164,839857
165,Aston Villa
166,Aston Villa
167,10252
168,839859
169,Blackburn Rovers
170,Blackburn
171,8655
172,839858
173,Everton
174,Everton
175,8668
176,839856
177,Tottenham Hotspur
178,Tottenham
179,8586
180,839860
181,West Bromwich Albion
182,West Brom
183,8659
184,839855
185,Sunderland
186,Sunderland
187,8472
188,839854
189,Manchester United
190,Man United
191,10260
192,839862
193,Wigan Athletic
194,Wigan
195,8528
196,839863
197,Chelsea
198,Chelsea
199,8455
200,839868
201,Manchester City
202,Man City
203,8456
204,839864
205,Arsenal
206,Arsenal
207,9825
208,839871
209,Birmingham City
210,Birmingham
211,8658
212,839873
213,Blackpool
214,Blackpool
215,8483
216,839870
217,Fulham
218,Fulham
219,9879
220,839865
221,Liverpool
222,Liverpool
223,8650
224,839866
225,West Ham United
226,West Ham
227,8654
228,839872
229,Bolton Wanderers
230,Bolton
231,8559
232,839869
233,Wolverhampton Wanderers
234,Wolves
235,8602
236,839867
237,Newcastle United
238,Newcastle
239,10261
240,839882
241,Wigan Athletic
242,Wigan
243,8528
244,839879
245,Birmingham City
246,Birmingham
247,8658
248,839881
249,Stoke City
250,Stoke
251,10194
252,839876
253,Tottenham Hotspur
254,Tottenham
255,8586
256,839880
257,West Bromwich Albion
258,West Brom
259,8659
260,839877
261,West Ham United
262,West Ham
263,8654
264,839875
265,Sunderland
266,Sunderland
267,8472
268,839878
269,Manchester City
270,Man City
271,8456
272,839874
273,Liverpool
274,Liverpool
275,8650
276,839883
277,Chelsea
278,Chelsea
279,8455
280,839885
281,Arsenal
282,Arsenal
283,9825
284,839892
285,Bolton Wanderers
286,Bolton
287,8559
288,839891
289,Fulham
290,Fulham
291,9879
292,839884
293,Manchester United
294,Man United
295,10260
296,839888
297,Newcastle United
298,Newcastle
299,10261
300,839889
301,Wolverhampton Wanderers
302,Wolves
303,8602
304,839886
305,Aston Villa
306,Aston Villa
307,10252
308,839887
309,Everton
310,Everton
311,8668
312,839893
313,Blackpool
314,Blackpool
315,8483
316,839890
317,Blackburn Rovers
318,Blackburn
319,8655
320,839896
321,Tottenham Hotspur
322,Tottenham
323,8586
324,839899
325,Birmingham City
326,Birmingham
327,8658
328,839903
329,Chelsea
330,Chelsea
331,8455
332,839895
333,Sunderland
334,Sunderland
335,8472
336,839900
337,West Bromwich Albion
338,West Brom
339,8659
340,839902
341,Wigan Athletic
342,Wigan
343,8528
344,839897
345,West Ham United
346,West Ham
347,8654
348,839901
349,Stoke City
350,Stoke
351,10194
352,839894
353,Liverpool
354,Liverpool
355,8650
356,839898
357,Manchester City
358,Man City
359,8456
360,839905
361,Arsenal
362,Arsenal
363,9825
364,839910
365,Blackburn Rovers
366,Blackburn
367,8655
368,839907
369,Everton
370,Everton
371,8668
372,839911
373,Fulham
374,Fulham
375,9879
376,839909
377,Wolverhampton Wanderers
378,Wolves
379,8602
380,839904
381,Manchester United
382,Man United
383,10260
384,839906
385,Aston Villa
386,Aston Villa
387,10252
388,839908
389,Newcastle United
390,Newcastle
391,10261
392,839912
393,Bolton Wanderers
394,Bolton
395,8559
396,839913
397,Blackpool
398,Blackpool
399,8483
400,839921
401,Bolton Wanderers
402,Bolton
403,8559
404,839920
405,Birmingham City
406,Birmingham
407,8658
408,839918
409,Blackburn Rovers
410,Blackburn
411,8655
412,839923
413,Blackpool
414,Blackpool
415,8483
416,839919
417,Fulham
418,Fulham
419,9879
420,839914
421,Manchester United
422,Man United
423,10260
424,839917
425,Sunderland
426,Sunderland
427,8472
428,839915
429,Arsenal
430,Arsenal
431,9825
432,839922
433,West Bromwich Albion
434,West Brom
435,8659
436,839916
437,Liverpool
438,Liverpool
439,8650
440,839927
441,Stoke City
442,Stoke
443,10194
444,839924
445,Tottenham Hotspur
446,Tottenham
447,8586
448,839929
449,Aston Villa
450,Aston Villa
451,10252
452,839933
453,Chelsea
454,Chelsea
455,8455
456,839931
457,Newcastle United
458,Newcastle
459,10261
460,839925
461,West Ham United
462,West Ham
463,8654
464,839928
465,Wigan Athletic
466,Wigan
467,8528
468,839926
469,Wolverhampton Wanderers
470,Wolves
471,8602
472,839930
473,Everton
474,Everton
475,8668
476,839932
477,Manchester City
478,Man City
479,8456
480,839936
481,Aston Villa
482,Aston Villa
483,10252
484,839939
485,Manchester City
486,Man City
487,8456
488,839938
489,Newcastle United
490,Newcastle
491,10261
492,839934
493,Tottenham Hotspur
494,Tottenham
495,8586
496,839935
497,West Ham United
498,West Ham
499,8654
500,839942
501,Wigan Athletic
502,Wigan
503,8528
504,839940
505,Wolverhampton Wanderers
506,Wolves
507,8602
508,839941
509,Stoke City
510,Stoke
511,10194
512,839937
513,Everton
514,Everton
515,8668
516,839943
517,Chelsea
518,Chelsea
519,8455
520,839945
521,Arsenal
522,Arsenal
523,9825
524,839950
525,Birmingham City
526,Birmingham
527,8658
528,839953
529,Blackpool
530,Blackpool
531,8483
532,839951
533,Bolton Wanderers
534,Bolton
535,8559
536,839944
537,Manchester United
538,Man United
539,10260
540,839952
541,West Bromwich Albion
542,West Brom
543,8659
544,839946
545,Liverpool
546,Liverpool
547,8650
548,839948
549,Blackburn Rovers
550,Blackburn
551,8655
552,839949
553,Fulham
554,Fulham
555,9879
556,839947
557,Sunderland
558,Sunderland
559,8472
560,839957
561,Aston Villa
562,Aston Villa
563,10252
564,839962
565,Bolton Wanderers
566,Bolton
567,8559
568,839958
569,Everton
570,Everton
571,8668
572,839961
573,Fulham
574,Fulham
575,9879
576,839954
577,Manchester United
578,Man United
579,10260
580,839963
581,Stoke City
582,Stoke
583,10194
584,839956
585,West Ham United
586,West Ham
587,8654
588,839960
589,Wolverhampton Wanderers
590,Wolves
591,8602
592,839959
593,Newcastle United
594,Newcastle
595,10261
596,839955
597,Tottenham Hotspur
598,Tottenham
599,8586
600,839964
601,Arsenal
602,Arsenal
603,9825
604,839969
605,Birmingham City
606,Birmingham
607,8658
608,839968
609,Blackburn Rovers
610,Blackburn
611,8655
612,839973
613,Chelsea
614,Chelsea
615,8455
616,839967
617,Manchester City
618,Man City
619,8456
620,839972
621,Wigan Athletic
622,Wigan
623,8528
624,839970
625,West Bromwich Albion
626,West Brom
627,8659
628,839966
629,Sunderland
630,Sunderland
631,8472
632,839965
633,Liverpool
634,Liverpool
635,8650
636,839977
637,Aston Villa
638,Aston Villa
639,10252
640,839978
641,Everton
642,Everton
643,8668
644,839981
645,Fulham
646,Fulham
647,9879
648,839983
649,Stoke City
650,Stoke
651,10194
652,839976
653,West Ham United
654,West Ham
655,8654
656,839979
657,Newcastle United
658,Newcastle
659,10261
660,839982
661,Bolton Wanderers
662,Bolton
663,8559
664,839980
665,Wolverhampton Wanderers
666,Wolves
667,8602
668,839975
669,Tottenham Hotspur
670,Tottenham
671,8586
672,839974
673,Manchester United
674,Man United
675,10260
676,839986
677,Sunderland
678,Sunderland
679,8472
680,839988
681,Blackburn Rovers
682,Blackburn
683,8655
684,839987
685,Manchester City
686,Man City
687,8456
688,840001
689,Fulham
690,Fulham
691,9879
692,840000
693,Blackburn Rovers
694,Blackburn
695,8655
696,840002
697,Bolton Wanderers
698,Bolton
699,8559
700,839994
701,Manchester United
702,Man United
703,10260
704,839998
705,Newcastle United
706,Newcastle
707,10261
708,839999
709,Wolverhampton Wanderers
710,Wolves
711,8602
712,839996
713,Aston Villa
714,Aston Villa
715,10252
716,839995
717,Arsenal
718,Arsenal
719,9825
720,840008
721,Manchester City
722,Man City
723,8456
724,840011
725,Stoke City
726,Stoke
727,10194
728,840005
729,Sunderland
730,Sunderland
731,8472
732,840006
733,Tottenham Hotspur
734,Tottenham
735,8586
736,840010
737,West Bromwich Albion
738,West Brom
739,8659
740,840007
741,West Ham United
742,West Ham
743,8654
744,840009
745,Birmingham City
746,Birmingham
747,8658
748,840013
749,Chelsea
750,Chelsea
751,8455
752,840012
753,Wigan Athletic
754,Wigan
755,8528
756,840004
757,Liverpool
758,Liverpool
759,8650
760,840061
761,West Bromwich Albion
762,West Brom
763,8659
764,840055
765,Liverpool
766,Liverpool
767,8650
768,840059
769,Manchester City
770,Man City
771,8456
772,840062
773,Stoke City
774,Stoke
775,10194
776,840056
777,Sunderland
778,Sunderland
779,8472
780,840057
781,Tottenham Hotspur
782,Tottenham
783,8586
784,840058
785,West Ham United
786,West Ham
787,8654
788,840060
789,Birmingham City
790,Birmingham
791,8658
792,840064
793,Chelsea
794,Chelsea
795,8455
796,840063
797,Wigan Athletic
798,Wigan
799,8528
800,840069
801,Blackpool
802,Blackpool
803,8483
804,840074
805,Fulham
806,Fulham
807,9879
808,840065
809,Manchester United
810,Man United
811,10260
812,840066
813,Arsenal
814,Arsenal
815,9825
816,840070
817,Aston Villa
818,Aston Villa
819,10252
820,840072
821,Newcastle United
822,Newcastle
823,10261
824,840067
825,Wolverhampton Wanderers
826,Wolves
827,8602
828,840073
829,Blackburn Rovers
830,Blackburn
831,8655
832,840068
833,Bolton Wanderers
834,Bolton
835,8559
836,840071
837,Everton
838,Everton
839,8668
840,840003
841,Blackpool
842,Blackpool
843,8483
844,840084
845,Chelsea
846,Chelsea
847,8455
848,840079
849,Manchester City
850,Man City
851,8456
852,840082
853,Stoke City
854,Stoke
855,10194
856,840081
857,West Bromwich Albion
858,West Brom
859,8659
860,840083
861,Wigan Athletic
862,Wigan
863,8528
864,840078
865,West Ham United
866,West Ham
867,8654
868,840080
869,Birmingham City
870,Birmingham
871,8658
872,840076
873,Sunderland
874,Sunderland
875,8472
876,840075
877,Liverpool
878,Liverpool
879,8650
880,840077
881,Tottenham Hotspur
882,Tottenham
883,8586
884,840090
885,Wolverhampton Wanderers
886,Wolves
887,8602
888,840086
889,Arsenal
890,Arsenal
891,9825
892,840094
893,Blackpool
894,Blackpool
895,8483
896,840088
897,Everton
898,Everton
899,8668
900,840092
901,Fulham
902,Fulham
903,9879
904,840085
905,Manchester United
906,Man United
907,10260
908,840089
909,Newcastle United
910,Newcastle
911,10261
912,840087
913,Aston Villa
914,Aston Villa
915,10252
916,840091
917,Blackburn Rovers
918,Blackburn
919,8655
920,840093
921,Bolton Wanderers
922,Bolton
923,8559
924,839971
925,Blackpool
926,Blackpool
927,8483
928,839992
929,Wigan Athletic
930,Wigan
931,8528
932,839985
933,Liverpool
934,Liverpool
935,8650
936,840096
937,Arsenal
938,Arsenal
939,9825
940,840097
941,Sunderland
942,Sunderland
943,8472
944,840095
945,Manchester United
946,Man United
947,10260
948,840100
949,West Bromwich Albion
950,West Brom
951,8659
952,840098
953,Birmingham City
954,Birmingham
955,8658
956,840103
957,Blackburn Rovers
958,Blackburn
959,8655
960,840101
961,Blackpool
962,Blackpool
963,8483
964,840099
965,Bolton Wanderers
966,Bolton
967,8559
968,840104
969,Fulham
970,Fulham
971,9879
972,840102
973,Liverpool
974,Liverpool
975,8650
976,840112
977,Stoke City
978,Stoke
979,10194
980,840107
981,Aston Villa
982,Aston Villa
983,10252
984,840108
985,Everton
986,Everton
987,8668
988,840110
989,Manchester City
990,Man City
991,8456
992,840109
993,Newcastle United
994,Newcastle
995,10261
996,840105
997,Tottenham Hotspur
998,Tottenham
999,8586
1000,840113
1001,Wigan Athletic
1002,Wigan
1003,8528
1004,840111
1005,Wolverhampton Wanderers
1006,Wolves
1007,8602
1008,840106
1009,West Ham United
1010,West Ham
1011,8654
1012,840114
1013,Chelsea
1014,Chelsea
1015,8455
1016,840115
1017,Manchester United
1018,Man United
1019,10260
1020,840116
1021,Arsenal
1022,Arsenal
1023,9825
1024,840121
1025,Birmingham City
1026,Birmingham
1027,8658
1028,840119
1029,Blackburn Rovers
1030,Blackburn
1031,8655
1032,840124
1033,Blackpool
1034,Blackpool
1035,8483
1036,840117
1037,Liverpool
1038,Liverpool
1039,8650
1040,840123
1041,West Bromwich Albion
1042,West Brom
1043,8659
1044,840118
1045,Sunderland
1046,Sunderland
1047,8472
1048,840122
1049,Bolton Wanderers
1050,Bolton
1051,8559
1052,840120
1053,Fulham
1054,Fulham
1055,9879
1056,839989
1057,Birmingham City
1058,Birmingham
1059,8658
1060,839990
1061,West Bromwich Albion
1062,West Brom
1063,8659
1064,839991
1065,Blackpool
1066,Blackpool
1067,8483
1068,839984
1069,Arsenal
1070,Arsenal
1071,9825
1072,840127
1073,Aston Villa
1074,Aston Villa
1075,10252
1076,840128
1077,Everton
1078,Everton
1079,8668
1080,840129
1081,Newcastle United
1082,Newcastle
1083,10261
1084,840133
1085,Wigan Athletic
1086,Wigan
1087,8528
1088,840131
1089,Wolverhampton Wanderers
1090,Wolves
1091,8602
1092,840126
1093,West Ham United
1094,West Ham
1095,8654
1096,840130
1097,Manchester City
1098,Man City
1099,8456
1100,840132
1101,Stoke City
1102,Stoke
1103,10194
1104,839993
1105,Chelsea
1106,Chelsea
1107,8455
1108,840142
1109,Birmingham City
1110,Birmingham
1111,8658
1112,840135
1113,Arsenal
1114,Arsenal
1115,9825
1116,840143
1117,Bolton Wanderers
1118,Bolton
1119,8559
1120,840141
1121,Fulham
1122,Fulham
1123,9879
1124,840138
1125,Newcastle United
1126,Newcastle
1127,10261
1128,840137
1129,West Ham United
1130,West Ham
1131,8654
1132,840139
1133,Manchester City
1134,Man City
1135,8456
1136,840136
1137,Liverpool
1138,Liverpool
1139,8650
1140,840140
1141,Wolverhampton Wanderers
1142,Wolves
1143,8602
1144,840144
1145,Blackpool
1146,Blackpool
1147,8483
1148,839997
1149,Everton
1150,Everton
1151,8668
1152,840147
1153,Tottenham Hotspur
1154,Tottenham
1155,8586
1156,840148
1157,Aston Villa
1158,Aston Villa
1159,10252
1160,840150
1161,Blackburn Rovers
1162,Blackburn
1163,8655
1164,840145
1165,Manchester United
1166,Man United
1167,10260
1168,840152
1169,Stoke City
1170,Stoke
1171,10194
1172,840151
1173,West Bromwich Albion
1174,West Brom
1175,8659
1176,840153
1177,Wigan Athletic
1178,Wigan
1179,8528
1180,840149
1181,Everton
1182,Everton
1183,8668
1184,840146
1185,Sunderland
1186,Sunderland
1187,8472
1188,840154
1189,Chelsea
1190,Chelsea
1191,8455
1192,840156
1193,West Ham United
1194,West Ham
1195,8654
1196,840161
1197,Birmingham City
1198,Birmingham
1199,8658
1200,840157
1201,Everton
1202,Everton
1203,8668
1204,840158
1205,Newcastle United
1206,Newcastle
1207,10261
1208,840163
1209,Stoke City
1210,Stoke
1211,10194
1212,840162
1213,West Bromwich Albion
1214,West Brom
1215,8659
1216,840164
1217,Wigan Athletic
1218,Wigan
1219,8528
1220,840155
1221,Arsenal
1222,Arsenal
1223,9825
1224,840160
1225,Fulham
1226,Fulham
1227,9879
1228,840159
1229,Manchester City
1230,Man City
1231,8456
1232,840170
1233,Wolverhampton Wanderers
1234,Wolves
1235,8602
1236,840171
1237,Blackburn Rovers
1238,Blackburn
1239,8655
1240,840172
1241,Bolton Wanderers
1242,Bolton
1243,8559
1244,840174
1245,Chelsea
1246,Chelsea
1247,8455
1248,840165
1249,Manchester United
1250,Man United
1251,10260
1252,840167
1253,Sunderland
1254,Sunderland
1255,8472
1256,840168
1257,Tottenham Hotspur
1258,Tottenham
1259,8586
1260,840173
1261,Blackpool
1262,Blackpool
1263,8483
1264,840169
1265,Aston Villa
1266,Aston Villa
1267,10252
1268,840166
1269,Liverpool
1270,Liverpool
1271,8650
1272,840181
1273,Birmingham City
1274,Birmingham
1275,8658
1276,839798
1277,Blackpool
1278,Blackpool
1279,8483
1280,840177
1281,Everton
1282,Everton
1283,8668
1284,840182
1285,West Bromwich Albion
1286,West Brom
1287,8659
1288,840176
1289,West Ham United
1290,West Ham
1291,8654
1292,840175
1293,Arsenal
1294,Arsenal
1295,9825
1296,840178
1297,Newcastle United
1298,Newcastle
1299,10261
1300,840134
1301,Chelsea
1302,Chelsea
1303,8455
1304,840125
1305,Tottenham Hotspur
1306,Tottenham
1307,8586
1308,840185
1309,Manchester United
1310,Man United
1311,10260
1312,840189
1313,Aston Villa
1314,Aston Villa
1315,10252
1316,840193
1317,Blackpool
1318,Blackpool
1319,8483
1320,840186
1321,Liverpool
1322,Liverpool
1323,8650
1324,840187
1325,Sunderland
1326,Sunderland
1327,8472
1328,840188
1329,Tottenham Hotspur
1330,Tottenham
1331,8586
1332,840190
1333,Wolverhampton Wanderers
1334,Wolves
1335,8602
1336,840194
1337,Chelsea
1338,Chelsea
1339,8455
1340,840192
1341,Bolton Wanderers
1342,Bolton
1343,8559
1344,840191
1345,Blackburn Rovers
1346,Blackburn
1347,8655
1348,840183
1349,Stoke City
1350,Stoke
1351,10194
1352,840180
1353,Fulham
1354,Fulham
1355,9879
1356,840199
1357,Blackburn Rovers
1358,Blackburn
1359,8655
1360,840202
1361,Blackpool
1362,Blackpool
1363,8483
1364,840197
1365,Sunderland
1366,Sunderland
1367,8472
1368,840201
1369,West Bromwich Albion
1370,West Brom
1371,8659
1372,840203
1373,Wigan Athletic
1374,Wigan
1375,8528
1376,840204
1377,Chelsea
1378,Chelsea
1379,8455
1380,840200
1381,Birmingham City
1382,Birmingham
1383,8658
1384,840196
1385,Liverpool
1386,Liverpool
1387,8650
1388,840195
1389,Arsenal
1390,Arsenal
1391,9825
1392,840198
1393,Manchester City
1394,Man City
1395,8456
1396,840208
1397,Aston Villa
1398,Aston Villa
1399,10252
1400,840213
1401,Bolton Wanderers
1402,Bolton
1403,8559
1404,840209
1405,Everton
1406,Everton
1407,8668
1408,840210
1409,Newcastle United
1410,Newcastle
1411,10261
1412,840207
1413,West Ham United
1414,West Ham
1415,8654
1416,840206
1417,Tottenham Hotspur
1418,Tottenham
1419,8586
1420,840211
1421,Wolverhampton Wanderers
1422,Wolves
1423,8602
1424,840214
1425,Stoke City
1426,Stoke
1427,10194
1428,840205
1429,Manchester United
1430,Man United
1431,10260
1432,840212
1433,Fulham
1434,Fulham
1435,9879
1436,840179
1437,Manchester City
1438,Man City
1439,8456
1440,840219
1441,Blackburn Rovers
1442,Blackburn
1443,8655
1444,840222
1445,Blackpool
1446,Blackpool
1447,8483
1448,840217
1449,Sunderland
1450,Sunderland
1451,8472
1452,840221
1453,West Bromwich Albion
1454,West Brom
1455,8659
1456,840224
1457,Chelsea
1458,Chelsea
1459,8455
1460,840215
1461,Arsenal
1462,Arsenal
1463,9825
1464,840220
1465,Birmingham City
1466,Birmingham
1467,8658
1468,840216
1469,Liverpool
1470,Liverpool
1471,8650
1472,840223
1473,Wigan Athletic
1474,Wigan
1475,8528
1476,840218
1477,Manchester City
1478,Man City
1479,8456
1480,840228
1481,Aston Villa
1482,Aston Villa
1483,10252
1484,840233
1485,Bolton Wanderers
1486,Bolton
1487,8559
1488,840229
1489,Everton
1490,Everton
1491,8668
1492,840232
1493,Fulham
1494,Fulham
1495,9879
1496,840225
1497,Manchester United
1498,Man United
1499,10260
1500,840230
1501,Newcastle United
1502,Newcastle
1503,10261
1504,840234
1505,Stoke City
1506,Stoke
1507,10194
1508,840226
1509,Tottenham Hotspur
1510,Tottenham
1511,8586
1512,840227
1513,West Ham United
1514,West Ham
1515,8654
1516,840231
1517,Wolverhampton Wanderers
1518,Wolves
1519,8602
1520,839804
1521,Tottenham Hotspur
1522,Tottenham
1523,8586
1524,839796
1525,Aston Villa
1526,Aston Villa
1527,10252
1528,839797
1529,Blackburn Rovers
1530,Blackburn
1531,8655
1532,839799
1533,Bolton Wanderers
1534,Bolton
1535,8559
1536,839803
1537,Sunderland
1538,Sunderland
1539,8472
1540,840184
1541,Wigan Athletic
1542,Wigan
1543,8528
1544,839805
1545,Wolverhampton Wanderers
1546,Wolves
1547,8602
1548,839800
1549,Chelsea
1550,Chelsea
1551,8455
1552,839801
1553,Liverpool
1554,Liverpool
1555,8650
1556,839802
1557,Manchester United
1558,Man United
1559,10260
1560,839824
1561,Arsenal
1562,Arsenal
1563,9825
1564,839830
1565,Birmingham City
1566,Birmingham
1567,8658
1568,839826
1569,Everton
1570,Everton
1571,8668
1572,839832
1573,Stoke City
1574,Stoke
1575,10194
1576,839831
1577,West Bromwich Albion
1578,West Brom
1579,8659
1580,839825
1581,West Ham United
1582,West Ham
1583,8654
1584,839833
1585,Wigan Athletic
1586,Wigan
1587,8528
1588,839827
1589,Newcastle United
1590,Newcastle
1591,10261
1592,839829
1593,Fulham
1594,Fulham
1595,9879
1596,839828
1597,Manchester City
1598,Man City
1599,8456
1600,839840
1601,Blackburn Rovers
1602,Blackburn
1603,8655
1604,839842
1605,Blackpool
1606,Blackpool
1607,8483
1608,839843
1609,Chelsea
1610,Chelsea
1611,8455
1612,839837
1613,Tottenham Hotspur
1614,Tottenham
1615,8586
1616,839839
1617,Wolverhampton Wanderers
1618,Wolves
1619,8602
1620,839834
1621,Manchester United
1622,Man United
1623,10260
1624,839841
1625,Bolton Wanderers
1626,Bolton
1627,8559
1628,839835
1629,Liverpool
1630,Liverpool
1631,8650
1632,839836
1633,Sunderland
1634,Sunderland
1635,8472
1636,839838
1637,Aston Villa
1638,Aston Villa
1639,10252
1640,839846
1641,Everton
1642,Everton
1643,8668
1644,839844
1645,Arsenal
1646,Arsenal
1647,9825
1648,839849
1649,Fulham
1650,Fulham
1651,9879
1652,839848
1653,Manchester City
1654,Man City
1655,8456
1656,839847
1657,Newcastle United
1658,Newcastle
1659,10261
1660,839851
1661,West Bromwich Albion
1662,West Brom
1663,8659
1664,839845
1665,West Ham United
1666,West Ham
1667,8654
1668,839853
1669,Wigan Athletic
1670,Wigan
1671,8528
1672,839850
1673,Birmingham City
1674,Birmingham
1675,8658
1676,839852
1677,Stoke City
1678,Stoke
1679,10194
1680,839861
1681,Stoke City
1682,Stoke
1683,10194
1684,839857
1685,Aston Villa
1686,Aston Villa
1687,10252
1688,839859
1689,Blackburn Rovers
1690,Blackburn
1691,8655
1692,839858
1693,Everton
1694,Everton
1695,8668
1696,839856
1697,Tottenham Hotspur
1698,Tottenham
1699,8586
1700,839860
1701,West Bromwich Albion
1702,West Brom
1703,8659
1704,839855
1705,Sunderland
1706,Sunderland
1707,8472
1708,839854
1709,Manchester United
1710,Man United
1711,10260
1712,839862
1713,Wigan Athletic
1714,Wigan
1715,8528
1716,839863
1717,Chelsea
1718,Chelsea
1719,8455
1720,839868
1721,Manchester City
1722,Man City
1723,8456
1724,839864
1725,Arsenal
1726,Arsenal
1727,9825
1728,839871
1729,Birmingham City
1730,Birmingham
1731,8658
1732,839873
1733,Blackpool
1734,Blackpool
1735,8483
1736,839870
1737,Fulham
1738,Fulham
1739,9879
1740,839865
1741,Liverpool
1742,Liverpool
1743,8650
1744,839866
1745,West Ham United
1746,West Ham
1747,8654
1748,839872
1749,Bolton Wanderers
1750,Bolton
1751,8559
1752,839869
1753,Wolverhampton Wanderers
1754,Wolves
1755,8602
1756,839867
1757,Newcastle United
1758,Newcastle
1759,10261
1760,839882
1761,Wigan Athletic
1762,Wigan
1763,8528
1764,839879
1765,Birmingham City
1766,Birmingham
1767,8658
1768,839881
1769,Stoke City
1770,Stoke
1771,10194
1772,839876
1773,Tottenham Hotspur
1774,Tottenham
1775,8586
1776,839880
1777,West Bromwich Albion
1778,West Brom
1779,8659
1780,839877
1781,West Ham United
1782,West Ham
1783,8654
1784,839875
1785,Sunderland
1786,Sunderland
1787,8472
1788,839878
1789,Manchester City
1790,Man City
1791,8456
1792,839874
1793,Liverpool
1794,Liverpool
1795,8650
1796,839883
1797,Chelsea
1798,Chelsea
1799,8455
1800,839885
1801,Arsenal
1802,Arsenal
1803,9825
1804,839892
1805,Bolton Wanderers
1806,Bolton
1807,8559
1808,839891
1809,Fulham
1810,Fulham
1811,9879
1812,839884
1813,Manchester United
1814,Man United
1815,10260
1816,839888
1817,Newcastle United
1818,Newcastle
1819,10261
1820,839889
1821,Wolverhampton Wanderers
1822,Wolves
1823,8602
1824,839886
1825,Aston Villa
1826,Aston Villa
1827,10252
1828,839887
1829,Everton
1830,Everton
1831,8668
1832,839893
1833,Blackpool
1834,Blackpool
1835,8483
1836,839890
1837,Blackburn Rovers
1838,Blackburn
1839,8655
1840,839896
1841,Tottenham Hotspur
1842,Tottenham
1843,8586
1844,839899
1845,Birmingham City
1846,Birmingham
1847,8658
1848,839903
1849,Chelsea
1850,Chelsea
1851,8455
1852,839895
1853,Sunderland
1854,Sunderland
1855,8472
1856,839900
1857,West Bromwich Albion
1858,West Brom
1859,8659
1860,839902
1861,Wigan Athletic
1862,Wigan
1863,8528
1864,839897
1865,West Ham United
1866,West Ham
1867,8654
1868,839901
1869,Stoke City
1870,Stoke
1871,10194
1872,839894
1873,Liverpool
1874,Liverpool
1875,8650
1876,839898
1877,Manchester City
1878,Man City
1879,8456
1880,839905
1881,Arsenal
1882,Arsenal
1883,9825
1884,839910
1885,Blackburn Rovers
1886,Blackburn
1887,8655
1888,839907
1889,Everton
1890,Everton
1891,8668
1892,839911
1893,Fulham
1894,Fulham
1895,9879
1896,839909
1897,Wolverhampton Wanderers
1898,Wolves
1899,8602
1900,839904
1901,Manchester United
1902,Man United
1903,10260
1904,839906
1905,Aston Villa
1906,Aston Villa
1907,10252
1908,839908
1909,Newcastle United
1910,Newcastle
1911,10261
1912,839912
1913,Bolton Wanderers
1914,Bolton
1915,8559
1916,839913
1917,Blackpool
1918,Blackpool
1919,8483
1920,839921
1921,Bolton Wanderers
1922,Bolton
1923,8559
1924,839920
1925,Birmingham City
1926,Birmingham
1927,8658
1928,839918
1929,Blackburn Rovers
1930,Blackburn
1931,8655
1932,839923
1933,Blackpool
1934,Blackpool
1935,8483
1936,839919
1937,Fulham
1938,Fulham
1939,9879
1940,839914
1941,Manchester United
1942,Man United
1943,10260
1944,839917
1945,Sunderland
1946,Sunderland
1947,8472
1948,839915
1949,Arsenal
1950,Arsenal
1951,9825
1952,839922
1953,West Bromwich Albion
1954,West Brom
1955,8659
1956,839916
1957,Liverpool
1958,Liverpool
1959,8650
1960,839927
1961,Stoke City
1962,Stoke
1963,10194
1964,839924
1965,Tottenham Hotspur
1966,Tottenham
1967,8586
1968,839929
1969,Aston Villa
1970,Aston Villa
1971,10252
1972,839933
1973,Chelsea
1974,Chelsea
1975,8455
1976,839931
1977,Newcastle United
1978,Newcastle
1979,10261
1980,839925
1981,West Ham United
1982,West Ham
1983,8654
1984,839928
1985,Wigan Athletic
1986,Wigan
1987,8528
1988,839926
1989,Wolverhampton Wanderers
1990,Wolves
1991,8602
1992,839930
1993,Everton
1994,Everton
1995,8668
1996,839932
1997,Manchester City
1998,Man City
1999,8456
2000,839936
2001,Aston Villa
2002,Aston Villa
2003,10252
2004,839939
2005,Manchester City
2006,Man City
2007,8456
2008,839938
2009,Newcastle United
2010,Newcastle
2011,10261
2012,839934
2013,Tottenham Hotspur
2014,Tottenham
2015,8586
2016,839935
2017,West Ham United
2018,West Ham
2019,8654
2020,839942
2021,Wigan Athletic
2022,Wigan
2023,8528
2024,839940
2025,Wolverhampton Wanderers
2026,Wolves
2027,8602
2028,839941
2029,Stoke City
2030,Stoke
2031,10194
2032,839937
2033,Everton
2034,Everton
2035,8668
2036,839943
2037,Chelsea
2038,Chelsea
2039,8455
2040,839945
2041,Arsenal
2042,Arsenal
2043,9825
2044,839950
2045,Birmingham City
2046,Birmingham
2047,8658
2048,839953
2049,Blackpool
2050,Blackpool
2051,8483
2052,839951
2053,Bolton Wanderers
2054,Bolton
2055,8559
2056,839944
2057,Manchester United
2058,Man United
2059,10260
2060,839952
2061,West Bromwich Albion
2062,West Brom
2063,8659
2064,839946
2065,Liverpool
2066,Liverpool
2067,8650
2068,839948
2069,Blackburn Rovers
2070,Blackburn
2071,8655
2072,839949
2073,Fulham
2074,Fulham
2075,9879
2076,839947
2077,Sunderland
2078,Sunderland
2079,8472
2080,839957
2081,Aston Villa
2082,Aston Villa
2083,10252
2084,839962
2085,Bolton Wanderers
2086,Bolton
2087,8559
2088,839958
2089,Everton
2090,Everton
2091,8668
2092,839961
2093,Fulham
2094,Fulham
2095,9879
2096,839954
2097,Manchester United
2098,Man United
2099,10260
2100,839963
2101,Stoke City
2102,Stoke
2103,10194
2104,839956
2105,West Ham United
2106,West Ham
2107,8654
2108,839960
2109,Wolverhampton Wanderers
2110,Wolves
2111,8602
2112,839959
2113,Newcastle United
2114,Newcastle
2115,10261
2116,839955
2117,Tottenham Hotspur
2118,Tottenham
2119,8586
2120,839964
2121,Arsenal
2122,Arsenal
2123,9825
2124,839969
2125,Birmingham City
2126,Birmingham
2127,8658
2128,839968
2129,Blackburn Rovers
2130,Blackburn
2131,8655
2132,839973
2133,Chelsea
2134,Chelsea
2135,8455
2136,839967
2137,Manchester City
2138,Man City
2139,8456
2140,839972
2141,Wigan Athletic
2142,Wigan
2143,8528
2144,839970
2145,West Bromwich Albion
2146,West Brom
2147,8659
2148,839966
2149,Sunderland
2150,Sunderland
2151,8472
2152,839965
2153,Liverpool
2154,Liverpool
2155,8650
2156,839977
2157,Aston Villa
2158,Aston Villa
2159,10252
2160,839978
2161,Everton
2162,Everton
2163,8668
2164,839981
2165,Fulham
2166,Fulham
2167,9879
2168,839983
2169,Stoke City
2170,Stoke
2171,10194
2172,839976
2173,West Ham United
2174,West Ham
2175,8654
2176,839979
2177,Newcastle United
2178,Newcastle
2179,10261
2180,839982
2181,Bolton Wanderers
2182,Bolton
2183,8559
2184,839980
2185,Wolverhampton Wanderers
2186,Wolves
2187,8602
2188,839975
2189,Tottenham Hotspur
2190,Tottenham
2191,8586
2192,839974
2193,Manchester United
2194,Man United
2195,10260
2196,839986
2197,Sunderland
2198,Sunderland
2199,8472
2200,839988
2201,Blackburn Rovers
2202,Blackburn
2203,8655
2204,839987
2205,Manchester City
2206,Man City
2207,8456
2208,840001
2209,Fulham
2210,Fulham
2211,9879
2212,840000
2213,Blackburn Rovers
2214,Blackburn
2215,8655
2216,840002
2217,Bolton Wanderers
2218,Bolton
2219,8559
2220,839994
2221,Manchester United
2222,Man United
2223,10260
2224,839998
2225,Newcastle United
2226,Newcastle
2227,10261
2228,839999
2229,Wolverhampton Wanderers
2230,Wolves
2231,8602
2232,839996
2233,Aston Villa
2234,Aston Villa
2235,10252
2236,839995
2237,Arsenal
2238,Arsenal
2239,9825
2240,840008
2241,Manchester City
2242,Man City
2243,8456
2244,840011
2245,Stoke City
2246,Stoke
2247,10194
2248,840005
2249,Sunderland
2250,Sunderland
2251,8472
2252,840006
2253,Tottenham Hotspur
2254,Tottenham
2255,8586
2256,840010
2257,West Bromwich Albion
2258,West Brom
2259,8659
2260,840007
2261,West Ham United
2262,West Ham
2263,8654
2264,840009
2265,Birmingham City
2266,Birmingham
2267,8658
2268,840013
2269,Chelsea
2270,Chelsea
2271,8455
2272,840012
2273,Wigan Athletic
2274,Wigan
2275,8528
2276,840004
2277,Liverpool
2278,Liverpool
2279,8650
2280,840061
2281,West Bromwich Albion
2282,West Brom
2283,8659
2284,840055
2285,Liverpool
2286,Liverpool
2287,8650
2288,840059
2289,Manchester City
2290,Man City
2291,8456
2292,840062
2293,Stoke City
2294,Stoke
2295,10194
2296,840056
2297,Sunderland
2298,Sunderland
2299,8472
2300,840057
2301,Tottenham Hotspur
2302,Tottenham
2303,8586
2304,840058
2305,West Ham United
2306,West Ham
2307,8654
2308,840060
2309,Birmingham City
2310,Birmingham
2311,8658
2312,840064
2313,Chelsea
2314,Chelsea
2315,8455
2316,840063
2317,Wigan Athletic
2318,Wigan
2319,8528
2320,840069
2321,Blackpool
2322,Blackpool
2323,8483
2324,840074
2325,Fulham
2326,Fulham
2327,9879
2328,840065
2329,Manchester United
2330,Man United
2331,10260
2332,840066
2333,Arsenal
2334,Arsenal
2335,9825
2336,840070
2337,Aston Villa
2338,Aston Villa
2339,10252
2340,840072
2341,Newcastle United
2342,Newcastle
2343,10261
2344,840067
2345,Wolverhampton Wanderers
2346,Wolves
2347,8602
2348,840073
2349,Blackburn Rovers
2350,Blackburn
2351,8655
2352,840068
2353,Bolton Wanderers
2354,Bolton
2355,8559
2356,840071
2357,Everton
2358,Everton
2359,8668
2360,840003
2361,Blackpool
2362,Blackpool
2363,8483
2364,840084
2365,Chelsea
2366,Chelsea
2367,8455
2368,840079
2369,Manchester City
2370,Man City
2371,8456
2372,840082
2373,Stoke City
2374,Stoke
2375,10194
2376,840081
2377,West Bromwich Albion
2378,West Brom
2379,8659
2380,840083
2381,Wigan Athletic
2382,Wigan
2383,8528
2384,840078
2385,West Ham United
2386,West Ham
2387,8654
2388,840080
2389,Birmingham City
2390,Birmingham
2391,8658
2392,840076
2393,Sunderland
2394,Sunderland
2395,8472
2396,840075
2397,Liverpool
2398,Liverpool
2399,8650
2400,840077
2401,Tottenham Hotspur
2402,Tottenham
2403,8586
2404,840090
2405,Wolverhampton Wanderers
2406,Wolves
2407,8602
2408,840086
2409,Arsenal
2410,Arsenal
2411,9825
2412,840094
2413,Blackpool
2414,Blackpool
2415,8483
2416,840088
2417,Everton
2418,Everton
2419,8668
2420,840092
2421,Fulham
2422,Fulham
2423,9879
2424,840085
2425,Manchester United
2426,Man United
2427,10260
2428,840089
2429,Newcastle United
2430,Newcastle
2431,10261
2432,840087
2433,Aston Villa
2434,Aston Villa
2435,10252
2436,840091
2437,Blackburn Rovers
2438,Blackburn
2439,8655
2440,840093
2441,Bolton Wanderers
2442,Bolton
2443,8559
2444,839971
2445,Blackpool
2446,Blackpool
2447,8483
2448,839992
2449,Wigan Athletic
2450,Wigan
2451,8528
2452,839985
2453,Liverpool
2454,Liverpool
2455,8650
2456,840096
2457,Arsenal
2458,Arsenal
2459,9825
2460,840097
2461,Sunderland
2462,Sunderland
2463,8472
2464,840095
2465,Manchester United
2466,Man United
2467,10260
2468,840100
2469,West Bromwich Albion
2470,West Brom
2471,8659
2472,840098
2473,Birmingham City
2474,Birmingham
2475,8658
2476,840103
2477,Blackburn Rovers
2478,Blackburn
2479,8655
2480,840101
2481,Blackpool
2482,Blackpool
2483,8483
2484,840099
2485,Bolton Wanderers
2486,Bolton
2487,8559
2488,840104
2489,Fulham
2490,Fulham
2491,9879
2492,840102
2493,Liverpool
2494,Liverpool
2495,8650
2496,840112
2497,Stoke City
2498,Stoke
2499,10194
2500,840107
2501,Aston Villa
2502,Aston Villa
2503,10252
2504,840108
2505,Everton
2506,Everton
2507,8668
2508,840110
2509,Manchester City
2510,Man City
2511,8456
2512,840109
2513,Newcastle United
2514,Newcastle
2515,10261
2516,840105
2517,Tottenham Hotspur
2518,Tottenham
2519,8586
2520,840113
2521,Wigan Athletic
2522,Wigan
2523,8528
2524,840111
2525,Wolverhampton Wanderers
2526,Wolves
2527,8602
2528,840106
2529,West Ham United
2530,West Ham
2531,8654
2532,840114
2533,Chelsea
2534,Chelsea
2535,8455
2536,840115
2537,Manchester United
2538,Man United
2539,10260
2540,840116
2541,Arsenal
2542,Arsenal
2543,9825
2544,840121
2545,Birmingham City
2546,Birmingham
2547,8658
2548,840119
2549,Blackburn Rovers
2550,Blackburn
2551,8655
2552,840124
2553,Blackpool
2554,Blackpool
2555,8483
2556,840117
2557,Liverpool
2558,Liverpool
2559,8650
2560,840123
2561,West Bromwich Albion
2562,West Brom
2563,8659
2564,840118
2565,Sunderland
2566,Sunderland
2567,8472
2568,840122
2569,Bolton Wanderers
2570,Bolton
2571,8559
2572,840120
2573,Fulham
2574,Fulham
2575,9879
2576,839989
2577,Birmingham City
2578,Birmingham
2579,8658
2580,839990
2581,West Bromwich Albion
2582,West Brom
2583,8659
2584,839991
2585,Blackpool
2586,Blackpool
2587,8483
2588,839984
2589,Arsenal
2590,Arsenal
2591,9825
2592,840127
2593,Aston Villa
2594,Aston Villa
2595,10252
2596,840128
2597,Everton
2598,Everton
2599,8668
2600,840129
2601,Newcastle United
2602,Newcastle
2603,10261
2604,840133
2605,Wigan Athletic
2606,Wigan
2607,8528
2608,840131
2609,Wolverhampton Wanderers
2610,Wolves
2611,8602
2612,840126
2613,West Ham United
2614,West Ham
2615,8654
2616,840130
2617,Manchester City
2618,Man City
2619,8456
2620,840132
2621,Stoke City
2622,Stoke
2623,10194
2624,839993
2625,Chelsea
2626,Chelsea
2627,8455
2628,840142
2629,Birmingham City
2630,Birmingham
2631,8658
2632,840135
2633,Arsenal
2634,Arsenal
2635,9825
2636,840143
2637,Bolton Wanderers
2638,Bolton
2639,8559
2640,840141
2641,Fulham
2642,Fulham
2643,9879
2644,840138
2645,Newcastle United
2646,Newcastle
2647,10261
2648,840137
2649,West Ham United
2650,West Ham
2651,8654
2652,840139
2653,Manchester City
2654,Man City
2655,8456
2656,840136
2657,Liverpool
2658,Liverpool
2659,8650
2660,840140
2661,Wolverhampton Wanderers
2662,Wolves
2663,8602
2664,840144
2665,Blackpool
2666,Blackpool
2667,8483
2668,839997
2669,Everton
2670,Everton
2671,8668
2672,840147
2673,Tottenham Hotspur
2674,Tottenham
2675,8586
2676,840148
2677,Aston Villa
2678,Aston Villa
2679,10252
2680,840150
2681,Blackburn Rovers
2682,Blackburn
2683,8655
2684,840145
2685,Manchester United
2686,Man United
2687,10260
2688,840152
2689,Stoke City
2690,Stoke
2691,10194
2692,840151
2693,West Bromwich Albion
2694,West Brom
2695,8659
2696,840153
2697,Wigan Athletic
2698,Wigan
2699,8528
2700,840149
2701,Everton
2702,Everton
2703,8668
2704,840146
2705,Sunderland
2706,Sunderland
2707,8472
2708,840154
2709,Chelsea
2710,Chelsea
2711,8455
2712,840156
2713,West Ham United
2714,West Ham
2715,8654
2716,840161
2717,Birmingham City
2718,Birmingham
2719,8658
2720,840157
2721,Everton
2722,Everton
2723,8668
2724,840158
2725,Newcastle United
2726,Newcastle
2727,10261
2728,840163
2729,Stoke City
2730,Stoke
2731,10194
2732,840162
2733,West Bromwich Albion
2734,West Brom
2735,8659
2736,840164
2737,Wigan Athletic
2738,Wigan
2739,8528
2740,840155
2741,Arsenal
2742,Arsenal
2743,9825
2744,840160
2745,Fulham
2746,Fulham
2747,9879
2748,840159
2749,Manchester City
2750,Man City
2751,8456
2752,840170
2753,Wolverhampton Wanderers
2754,Wolves
2755,8602
2756,840171
2757,Blackburn Rovers
2758,Blackburn
2759,8655
2760,840172
2761,Bolton Wanderers
2762,Bolton
2763,8559
2764,840174
2765,Chelsea
2766,Chelsea
2767,8455
2768,840165
2769,Manchester United
2770,Man United
2771,10260
2772,840167
2773,Sunderland
2774,Sunderland
2775,8472
2776,840168
2777,Tottenham Hotspur
2778,Tottenham
2779,8586
2780,840173
2781,Blackpool
2782,Blackpool
2783,8483
2784,840169
2785,Aston Villa
2786,Aston Villa
2787,10252
2788,840166
2789,Liverpool
2790,Liverpool
2791,8650
2792,840181
2793,Birmingham City
2794,Birmingham
2795,8658
2796,839798
2797,Blackpool
2798,Blackpool
2799,8483
2800,840177
2801,Everton
2802,Everton
2803,8668
2804,840182
2805,West Bromwich Albion
2806,West Brom
2807,8659
2808,840176
2809,West Ham United
2810,West Ham
2811,8654
2812,840175
2813,Arsenal
2814,Arsenal
2815,9825
2816,840178
2817,Newcastle United
2818,Newcastle
2819,10261
2820,840134
2821,Chelsea
2822,Chelsea
2823,8455
2824,840125
2825,Tottenham Hotspur
2826,Tottenham
2827,8586
2828,840185
2829,Manchester United
2830,Man United
2831,10260
2832,840189
2833,Aston Villa
2834,Aston Villa
2835,10252
2836,840193
2837,Blackpool
2838,Blackpool
2839,8483
2840,840186
2841,Liverpool
2842,Liverpool
2843,8650
2844,840187
2845,Sunderland
2846,Sunderland
2847,8472
2848,840188
2849,Tottenham Hotspur
2850,Tottenham
2851,8586
2852,840190
2853,Wolverhampton Wanderers
2854,Wolves
2855,8602
2856,840194
2857,Chelsea
2858,Chelsea
2859,8455
2860,840192
2861,Bolton Wanderers
2862,Bolton
2863,8559
2864,840191
2865,Blackburn Rovers
2866,Blackburn
2867,8655
2868,840183
2869,Stoke City
2870,Stoke
2871,10194
2872,840180
2873,Fulham
2874,Fulham
2875,9879
2876,840199
2877,Blackburn Rovers
2878,Blackburn
2879,8655
2880,840202
2881,Blackpool
2882,Blackpool
2883,8483
2884,840197
2885,Sunderland
2886,Sunderland
2887,8472
2888,840201
2889,West Bromwich Albion
2890,West Brom
2891,8659
2892,840203
2893,Wigan Athletic
2894,Wigan
2895,8528
2896,840204
2897,Chelsea
2898,Chelsea
2899,8455
2900,840200
2901,Birmingham City
2902,Birmingham
2903,8658
2904,840196
2905,Liverpool
2906,Liverpool
2907,8650
2908,840195
2909,Arsenal
2910,Arsenal
2911,9825
2912,840198
2913,Manchester City
2914,Man City
2915,8456
2916,840208
2917,Aston Villa
2918,Aston Villa
2919,10252
2920,840213
2921,Bolton Wanderers
2922,Bolton
2923,8559
2924,840209
2925,Everton
2926,Everton
2927,8668
2928,840210
2929,Newcastle United
2930,Newcastle
2931,10261
2932,840207
2933,West Ham United
2934,West Ham
2935,8654
2936,840206
2937,Tottenham Hotspur
2938,Tottenham
2939,8586
2940,840211
2941,Wolverhampton Wanderers
2942,Wolves
2943,8602
2944,840214
2945,Stoke City
2946,Stoke
2947,10194
2948,840205
2949,Manchester United
2950,Man United
2951,10260
2952,840212
2953,Fulham
2954,Fulham
2955,9879
2956,840179
2957,Manchester City
2958,Man City
2959,8456
2960,840219
2961,Blackburn Rovers
2962,Blackburn
2963,8655
2964,840222
2965,Blackpool
2966,Blackpool
2967,8483
2968,840217
2969,Sunderland
2970,Sunderland
2971,8472
2972,840221
2973,West Bromwich Albion
2974,West Brom
2975,8659
2976,840224
2977,Chelsea
2978,Chelsea
2979,8455
2980,840215
2981,Arsenal
2982,Arsenal
2983,9825
2984,840220
2985,Birmingham City
2986,Birmingham
2987,8658
2988,840216
2989,Liverpool
2990,Liverpool
2991,8650
2992,840223
2993,Wigan Athletic
2994,Wigan
2995,8528
2996,840218
2997,Manchester City
2998,Man City
2999,8456
3000,840228
3001,Aston Villa
3002,Aston Villa
3003,10252
3004,840233
3005,Bolton Wanderers
3006,Bolton
3007,8559
3008,840229
3009,Everton
3010,Everton
3011,8668
3012,840232
3013,Fulham
3014,Fulham
3015,9879
3016,840225
3017,Manchester United
3018,Man United
3019,10260
3020,840230
3021,Newcastle United
3022,Newcastle
3023,10261
3024,840234
3025,Stoke City
3026,Stoke
3027,10194
3028,840226
3029,Tottenham Hotspur
3030,Tottenham
3031,8586
3032,840227
3033,West Ham United
3034,West Ham
3035,8654
3036,840231
3037,Wolverhampton Wanderers
3038,Wolves
3039,8602
